"Account.sPRS__External_Account_Name__c","LastName","FirstName","MiddleName","Suffix","RecordType.Name","OtherStreet","OtherCity","OtherState","OtherPostalCode","MailingStreet","MailingCity","MailingState","MailingPostalCode","MobilePhone","HomePhone","OtherPhone","Email","Birthdate","sPRS__Deleted__c","sPRS__External_Guarantor_Id__c","sPRS__External_ID__c","sPRS__Guarantor__r.sPRS__Guarantor_Id__c","sPRS__Invoice_Offset_Date__c","sPRS__Medical_Record_Number__c","sPRS__Origin_Code__c","sPRS__Guarantor_Id__c","sPRS__Sex__c","sPRS__Social_Security_Number__c"
"Makana Health","Green","Charles","","","Guarantor","1221 Congress Ave","Austin","TX","78701","1221 Congress Ave","Austin","TX","78701","(512) 415-0254","(512) 555-0011","","charles.green@sirono.com","1971-06-12","false","","","","7.0","A02497658","","200000.0","M","XXX-XX-6263"
"Makana Health","Green","Charles","","","Guarantor","1221 Congress Ave","Austin","TX","78701","1221 Congress Ave","Austin","TX","78701","(512) 415-0254","(512) 555-0011","","charles.green@sirono.com","1971-06-12","false","","","","7.0","A02497658","","200001.0","M","XXX-XX-6263"
"Makana Health","Green","Charles","","","Guarantor","1221 Congress Ave","Austin","TX","78701","1221 Congress Ave","Austin","TX","78701","(512) 415-0254","(512) 555-0011","","charles.green@sirono.com","1971-06-12","false","","","","7.0","A02497658","","200002.0","M","XXX-XX-6263"
"Makana Health","Green","Charles","","","Guarantor","1221 Congress Ave","Austin","TX","78701","1221 Congress Ave","Austin","TX","78701","(512) 415-0254","(512) 555-0011","","charles.green@sirono.com","1971-06-12","false","","","","7.0","A02497658","","200003.0","M","XXX-XX-6263"
"Makana Health","Green","Charles","","","Guarantor","1221 Congress Ave","Austin","TX","78701","1221 Congress Ave","Austin","TX","78701","(512) 415-0254","(512) 555-0011","","charles.green@sirono.com","1971-06-12","false","","","","7.0","A02497658","","200004.0","M","XXX-XX-6263"
"Makana Health","Green","Charles","","","Guarantor","1221 Congress Ave","Austin","TX","78701","1221 Congress Ave","Austin","TX","78701","(512) 415-0254","(512) 555-0011","","charles.green@sirono.com","1971-06-12","false","","","","7.0","A02497658","","200005.0","M","XXX-XX-6263"
"Makana Health","Green","Charles","","","Guarantor","1221 Congress Ave","Austin","TX","78701","1221 Congress Ave","Austin","TX","78701","(512) 415-0254","(512) 555-0011","","charles.green@sirono.com","1971-06-12","false","","","","7.0","A02497658","","200006.0","M","XXX-XX-6263"
"Makana Health","Green","Charles","","","Guarantor","1221 Congress Ave","Austin","TX","78701","1221 Congress Ave","Austin","TX","78701","(512) 415-0254","(512) 555-0011","","charles.green@sirono.com","1971-06-12","false","","","","7.0","A02497658","","200007.0","M","XXX-XX-6263"
"Makana Health","Green","Charles","","","Guarantor","1221 Congress Ave","Austin","TX","78701","1221 Congress Ave","Austin","TX","78701","(512) 415-0254","(512) 555-0011","","charles.green@sirono.com","1971-06-12","false","","","","7.0","A02497658","","200008.0","M","XXX-XX-6263"
"Makana Health","Green","Charles","","","Guarantor","1221 Congress Ave","Austin","TX","78701","1221 Congress Ave","Austin","TX","78701","(512) 415-0254","(512) 555-0011","","charles.green@sirono.com","1971-06-12","false","","","","7.0","A02497658","","200009.0","M","XXX-XX-6263"
"Makana Health","Green","Charles","","","Guarantor","1221 Congress Ave","Austin","TX","78701","1221 Congress Ave","Austin","TX","78701","(512) 415-0254","(512) 555-0011","","charles.green@sirono.com","1971-06-12","false","","","","7.0","A02497658","","200010.0","M","XXX-XX-6263"
"Makana Health","Green","Charles","","","Guarantor","1221 Congress Ave","Austin","TX","78701","1221 Congress Ave","Austin","TX","78701","(512) 415-0254","(512) 555-0011","","charles.green@sirono.com","1971-06-12","false","","","","7.0","A02497658","","200011.0","M","XXX-XX-6263"
"Makana Health","Green","Charles","","","Guarantor","1221 Congress Ave","Austin","TX","78701","1221 Congress Ave","Austin","TX","78701","(512) 415-0254","(512) 555-0011","","charles.green@sirono.com","1971-06-12","false","","","","7.0","A02497658","","200012.0","M","XXX-XX-6263"
"Makana Health","Green","Charles","","","Guarantor","1221 Congress Ave","Austin","TX","78701","1221 Congress Ave","Austin","TX","78701","(512) 415-0254","(512) 555-0011","","charles.green@sirono.com","1971-06-12","false","","","","7.0","A02497658","","200013.0","M","XXX-XX-6263"
"Makana Health","Green","Charles","","","Guarantor","1221 Congress Ave","Austin","TX","78701","1221 Congress Ave","Austin","TX","78701","(512) 415-0254","(512) 555-0011","","charles.green@sirono.com","1971-06-12","false","","","","7.0","A02497658","","200014.0","M","XXX-XX-6263"
"Makana Health","Green","Charles","","","Guarantor","1221 Congress Ave","Austin","TX","78701","1221 Congress Ave","Austin","TX","78701","(512) 415-0254","(512) 555-0011","","charles.green@sirono.com","1971-06-12","false","","","","7.0","A02497658","","200015.0","M","XXX-XX-6263"
"Makana Health","Green","Charles","","","Guarantor","1221 Congress Ave","Austin","TX","78701","1221 Congress Ave","Austin","TX","78701","(512) 415-0254","(512) 555-0011","","charles.green@sirono.com","1971-06-12","false","","","","7.0","A02497658","","200016.0","M","XXX-XX-6263"
"Makana Health","Green","Charles","","","Guarantor","1221 Congress Ave","Austin","TX","78701","1221 Congress Ave","Austin","TX","78701","(512) 415-0254","(512) 555-0011","","charles.green@sirono.com","1971-06-12","false","","","","7.0","A02497658","","200017.0","M","XXX-XX-6263"
"Makana Health","Green","Charles","","","Guarantor","1221 Congress Ave","Austin","TX","78701","1221 Congress Ave","Austin","TX","78701","(512) 415-0254","(512) 555-0011","","charles.green@sirono.com","1971-06-12","false","","","","7.0","A02497658","","200018.0","M","XXX-XX-6263"
"Makana Health","Green","Charles","","","Guarantor","1221 Congress Ave","Austin","TX","78701","1221 Congress Ave","Austin","TX","78701","(512) 415-0254","(512) 555-0011","","charles.green@sirono.com","1971-06-12","false","","","","7.0","A02497658","","200019.0","M","XXX-XX-6263"
"Makana Health","Green","Charles","","","Guarantor","1221 Congress Ave","Austin","TX","78701","1221 Congress Ave","Austin","TX","78701","(512) 415-0254","(512) 555-0011","","charles.green@sirono.com","1971-06-12","false","","","","7.0","A02497658","","200020.0","M","XXX-XX-6263"
"Makana Health","Green","Charles","","","Guarantor","1221 Congress Ave","Austin","TX","78701","1221 Congress Ave","Austin","TX","78701","(512) 415-0254","(512) 555-0011","","charles.green@sirono.com","1971-06-12","false","","","","7.0","A02497658","","200021.0","M","XXX-XX-6263"
"Makana Health","Green","Charles","","","Guarantor","1221 Congress Ave","Austin","TX","78701","1221 Congress Ave","Austin","TX","78701","(512) 415-0254","(512) 555-0011","","charles.green@sirono.com","1971-06-12","false","","","","7.0","A02497658","","200022.0","M","XXX-XX-6263"
"Makana Health","Green","Charles","","","Guarantor","1221 Congress Ave","Austin","TX","78701","1221 Congress Ave","Austin","TX","78701","(512) 415-0254","(512) 555-0011","","charles.green@sirono.com","1971-06-12","false","","","","7.0","A02497658","","200023.0","M","XXX-XX-6263"
"Makana Health","Green","Charles","","","Guarantor","1221 Congress Ave","Austin","TX","78701","1221 Congress Ave","Austin","TX","78701","(512) 415-0254","(512) 555-0011","","charles.green@sirono.com","1971-06-12","false","","","","7.0","A02497658","","200024.0","M","XXX-XX-6263"
"Makana Health","Green","Charles","","","Guarantor","1221 Congress Ave","Austin","TX","78701","1221 Congress Ave","Austin","TX","78701","(512) 415-0254","(512) 555-0011","","charles.green@sirono.com","1971-06-12","false","","","","7.0","A02497658","","200025.0","M","XXX-XX-6263"
"Makana Health","Green","Charles","","","Guarantor","1221 Congress Ave","Austin","TX","78701","1221 Congress Ave","Austin","TX","78701","(512) 415-0254","(512) 555-0011","","charles.green@sirono.com","1971-06-12","false","","","","7.0","A02497658","","200026.0","M","XXX-XX-6263"
"Makana Health","Green","Charles","","","Guarantor","1221 Congress Ave","Austin","TX","78701","1221 Congress Ave","Austin","TX","78701","(512) 415-0254","(512) 555-0011","","charles.green@sirono.com","1971-06-12","false","","","","7.0","A02497658","","200027.0","M","XXX-XX-6263"
"Makana Health","Green","Charles","","","Guarantor","1221 Congress Ave","Austin","TX","78701","1221 Congress Ave","Austin","TX","78701","(512) 415-0254","(512) 555-0011","","charles.green@sirono.com","1971-06-12","false","","","","7.0","A02497658","","200028.0","M","XXX-XX-6263"
"Makana Health","Green","Charles","","","Guarantor","1221 Congress Ave","Austin","TX","78701","1221 Congress Ave","Austin","TX","78701","(512) 415-0254","(512) 555-0011","","charles.green@sirono.com","1971-06-12","false","","","","7.0","A02497658","","200029.0","M","XXX-XX-6263"
"Makana Health","Green","Charles","","","Guarantor","1221 Congress Ave","Austin","TX","78701","1221 Congress Ave","Austin","TX","78701","(512) 415-0254","(512) 555-0011","","charles.green@sirono.com","1971-06-12","false","","","","7.0","A02497658","","200030.0","M","XXX-XX-6263"
"Makana Health","Green","Charles","","","Guarantor","1221 Congress Ave","Austin","TX","78701","1221 Congress Ave","Austin","TX","78701","(512) 415-0254","(512) 555-0011","","charles.green@sirono.com","1971-06-12","false","","","","7.0","A02497658","","200031.0","M","XXX-XX-6263"
"Makana Health","Green","Charles","","","Guarantor","1221 Congress Ave","Austin","TX","78701","1221 Congress Ave","Austin","TX","78701","(512) 415-0254","(512) 555-0011","","charles.green@sirono.com","1971-06-12","false","","","","7.0","A02497658","","200032.0","M","XXX-XX-6263"
"Makana Health","Green","Charles","","","Guarantor","1221 Congress Ave","Austin","TX","78701","1221 Congress Ave","Austin","TX","78701","(512) 415-0254","(512) 555-0011","","charles.green@sirono.com","1971-06-12","false","","","","7.0","A02497658","","200033.0","M","XXX-XX-6263"
"Makana Health","Green","Charles","","","Guarantor","1221 Congress Ave","Austin","TX","78701","1221 Congress Ave","Austin","TX","78701","(512) 415-0254","(512) 555-0011","","charles.green@sirono.com","1971-06-12","false","","","","7.0","A02497658","","200034.0","M","XXX-XX-6263"
"Makana Health","Green","Charles","","","Guarantor","1221 Congress Ave","Austin","TX","78701","1221 Congress Ave","Austin","TX","78701","(512) 415-0254","(512) 555-0011","","charles.green@sirono.com","1971-06-12","false","","","","7.0","A02497658","","200035.0","M","XXX-XX-6263"
"Makana Health","Green","Charles","","","Guarantor","1221 Congress Ave","Austin","TX","78701","1221 Congress Ave","Austin","TX","78701","(512) 415-0254","(512) 555-0011","","charles.green@sirono.com","1971-06-12","false","","","","7.0","A02497658","","200036.0","M","XXX-XX-6263"
"Makana Health","Green","Charles","","","Guarantor","1221 Congress Ave","Austin","TX","78701","1221 Congress Ave","Austin","TX","78701","(512) 415-0254","(512) 555-0011","","charles.green@sirono.com","1971-06-12","false","","","","7.0","A02497658","","200037.0","M","XXX-XX-6263"
"Makana Health","Green","Charles","","","Guarantor","1221 Congress Ave","Austin","TX","78701","1221 Congress Ave","Austin","TX","78701","(512) 415-0254","(512) 555-0011","","charles.green@sirono.com","1971-06-12","false","","","","7.0","A02497658","","200038.0","M","XXX-XX-6263"
"Makana Health","Green","Charles","","","Guarantor","1221 Congress Ave","Austin","TX","78701","1221 Congress Ave","Austin","TX","78701","(512) 415-0254","(512) 555-0011","","charles.green@sirono.com","1971-06-12","false","","","","7.0","A02497658","","200039.0","M","XXX-XX-6263"
