"Name","Description__c","External_Description__c","Origin_Code__c","Sirono_Id__c","Unique_Id__c","Unmapped__c","External_Id__c"
"Chn-Coop Hlth Network","Chn-Coop Hlth Network","CHN-COOP HLTH NETWORK","TOLEDO_STAR","374.0","TOLEDO_STAR600015","true","600015"
"Medical Mutual Works","Medical Mutual Works","MEDICAL MUTUAL WORKS","TOLEDO_STAR","375.0","TOLEDO_STAR400057","true","400057"
"W Lake Erie Coalition","W Lake Erie Coalition","W LAKE ERIE COALITION","TOLEDO_STAR","376.0","TOLEDO_STAR600067","true","600067"
"G-M Underwriter Agncy","G-M Underwriter Agncy","G-M UNDERWRITER AGNCY","TOLEDO_STAR","377.0","TOLEDO_STAR600027","true","600027"
"Kidney Transplant","Kidney Transplant","KIDNEY TRANSPLANT","TOLEDO_STAR","379.0","TOLEDO_STAR600072","true","600072"
"Kidney/Pancreas Transplant","Kidney/Pancreas Transplant","KIDNEY/PANCREAS TRANSPLANT","TOLEDO_STAR","380.0","TOLEDO_STAR613080","true","613080"
"a0Mf4000000IeXg","","","TOLEDO_STAR","381.0","TOLEDO_STAR400039","true","400039"
"Unicare","Unicare","UNICARE - COLUMBUS","TOLEDO_STAR","378.0","TOLEDO_STAR610007","true","610007"
"Discount","Discount","SELF-PAY","TOLEDO_STAR","268.0","TOLEDO_STAR700006","false","700006"
"Beon Med Mgmt","Beon Med Mgmt","BEON MED MGMT","TOLEDO_STAR","382.0","TOLEDO_STAR700011","true","700011"
"Paramount","Paramount","PARAMOUNT","TOLEDO_STAR","1.0","TOLEDO_STAR010001","false","010001"
"Medicare","Medicare","MEDICARE","TOLEDO_STAR","2.0","TOLEDO_STAR100001","false","100001"
"Medicare","Medicare","MEDICARE","TOLEDO_STAR","3.0","TOLEDO_STAR100002","false","100002"
"Skilled Nursing Facility","Skilled Nursing Facility","MEDICARE","TOLEDO_STAR","4.0","TOLEDO_STAR100003","false","100003"
"Medicare","Medicare","MEDICARE","TOLEDO_STAR","5.0","TOLEDO_STAR100004","false","100004"
"Medicare","Medicare","MEDICARE","TOLEDO_STAR","6.0","TOLEDO_STAR100005","false","100005"
"Liability Insurance","Liability Insurance","MEDICARE","TOLEDO_STAR","7.0","TOLEDO_STAR100006","false","100006"
"Premises","Premises","MEDICARE","TOLEDO_STAR","8.0","TOLEDO_STAR100007","false","100007"
"Auto","Auto","MEDICARE","TOLEDO_STAR","9.0","TOLEDO_STAR100008","false","100008"
"Premises","Premises","MEDICARE","TOLEDO_STAR","10.0","TOLEDO_STAR100009","false","100009"
"Medicare","Medicare","MEDICARE","TOLEDO_STAR","11.0","TOLEDO_STAR100011","false","100011"
"Medicare","Medicare","MEDICARE","TOLEDO_STAR","12.0","TOLEDO_STAR100012","false","100012"
"Medicare","Medicare","MEDICARE","TOLEDO_STAR","13.0","TOLEDO_STAR100013","false","100013"
"CareSource","CareSource","MEDICARE","TOLEDO_STAR","14.0","TOLEDO_STAR100014","false","100014"
"Universal Healthcare","Universal Healthcare","MEDICARE","TOLEDO_STAR","15.0","TOLEDO_STAR100015","false","100015"
"Buckeye Health Plan","Buckeye Health Plan","MEDICARE","TOLEDO_STAR","16.0","TOLEDO_STAR100016","false","100016"
"Molina","Molina","MEDICARE","TOLEDO_STAR","17.0","TOLEDO_STAR100017","false","100017"
"Buckeye","Buckeye","MEDICARE","TOLEDO_STAR","18.0","TOLEDO_STAR100018","false","100018"
"Aetna","Aetna","MEDICARE","TOLEDO_STAR","19.0","TOLEDO_STAR100019","false","100019"
"Auto","Auto","AUTO","TOLEDO_STAR","20.0","TOLEDO_STAR110001","false","110001"
"Auto","Auto","AUTO","TOLEDO_STAR","21.0","TOLEDO_STAR110002","false","110002"
"Premises","Premises","AUTO","TOLEDO_STAR","22.0","TOLEDO_STAR110003","false","110003"
"Medicaid","Medicaid","MEDICAID","TOLEDO_STAR","23.0","TOLEDO_STAR200001","false","200001"
"Medicaid","Medicaid","MEDICAID","TOLEDO_STAR","24.0","TOLEDO_STAR200002","false","200002"
"Medicaid","Medicaid","MEDICAID","TOLEDO_STAR","25.0","TOLEDO_STAR200003","false","200003"
"Medicaid","Medicaid","MEDICAID","TOLEDO_STAR","26.0","TOLEDO_STAR200004","false","200004"
"Medicaid","Medicaid","MEDICAID","TOLEDO_STAR","27.0","TOLEDO_STAR200005","false","200005"
"Medicaid","Medicaid","MEDICAID","TOLEDO_STAR","28.0","TOLEDO_STAR200006","false","200006"
"UnitedHealthcare","UnitedHealthcare","MEDICAID","TOLEDO_STAR","29.0","TOLEDO_STAR200007","false","200007"
"Disability Assistance","Disability Assistance","MEDICAID","TOLEDO_STAR","30.0","TOLEDO_STAR200008","false","200008"
"Medicaid","Medicaid","MEDICAID","TOLEDO_STAR","31.0","TOLEDO_STAR200009","false","200009"
"Medicaid","Medicaid","MEDICAID","TOLEDO_STAR","32.0","TOLEDO_STAR200010","false","200010"
"Medicaid","Medicaid","MEDICAID","TOLEDO_STAR","33.0","TOLEDO_STAR200012","false","200012"
"Lucas County CareNet","Lucas County CareNet","MEDICAID","TOLEDO_STAR","34.0","TOLEDO_STAR200015","false","200015"
"Medicaid","Medicaid","MEDICAID","TOLEDO_STAR","35.0","TOLEDO_STAR200016","false","200016"
"Medicaid","Medicaid","MEDICAID","TOLEDO_STAR","36.0","TOLEDO_STAR200018","false","200018"
"CareSource","CareSource","MEDICAID","TOLEDO_STAR","37.0","TOLEDO_STAR200019","false","200019"
"Medicaid","Medicaid","MEDICAID","TOLEDO_STAR","38.0","TOLEDO_STAR200020","false","200020"
"Medicaid","Medicaid","MEDICAID","TOLEDO_STAR","39.0","TOLEDO_STAR200024","false","200024"
"Medicaid","Medicaid","MEDICAID","TOLEDO_STAR","40.0","TOLEDO_STAR200025","false","200025"
"Molina Medicaid","Molina Medicaid","MEDICAID","TOLEDO_STAR","41.0","TOLEDO_STAR200026","false","200026"
"Community Choice","Community Choice","COMMUNITY CHOICE","TOLEDO_STAR","42.0","TOLEDO_STAR210001","false","210001"
"Westwood","Westwood","PSYCH PROGRAMS","TOLEDO_STAR","43.0","TOLEDO_STAR220003","false","220003"
"Medical Mutual","Medical Mutual","PSYCH PROGRAMS","TOLEDO_STAR","44.0","TOLEDO_STAR220010","false","220010"
"Buckeye Health Plan","Buckeye Health Plan","BUCKEYE COMMUNITY HEALTH PLAN","TOLEDO_STAR","45.0","TOLEDO_STAR240001","false","240001"
"Buckeye Health Plan","Buckeye Health Plan","BUCKEYE COMMUNITY HEALTH PLAN","TOLEDO_STAR","46.0","TOLEDO_STAR240002","false","240002"
"Buckeye Health Plan","Buckeye Health Plan","BUCKEYE COMMUNITY HEALTH PLAN","TOLEDO_STAR","47.0","TOLEDO_STAR240003","false","240003"
"Blue Cross","Blue Cross","BLUE CROSS","TOLEDO_STAR","48.0","TOLEDO_STAR300001","false","300001"
"Blue Cross","Blue Cross","BLUE CROSS","TOLEDO_STAR","49.0","TOLEDO_STAR300002","false","300002"
"Blue Cross","Blue Cross","BLUE CROSS","TOLEDO_STAR","50.0","TOLEDO_STAR300003","false","300003"
"Central Benefits","Central Benefits","BLUE CROSS","TOLEDO_STAR","51.0","TOLEDO_STAR300004","false","300004"
"Blue Cross","Blue Cross","BLUE CROSS","TOLEDO_STAR","52.0","TOLEDO_STAR300005","false","300005"
"Blue Cross","Blue Cross","BLUE CROSS","TOLEDO_STAR","53.0","TOLEDO_STAR300006","false","300006"
"Blue Cross","Blue Cross","BLUE CROSS","TOLEDO_STAR","54.0","TOLEDO_STAR300009","false","300009"
"Blue Cross","Blue Cross","BLUE CROSS","TOLEDO_STAR","55.0","TOLEDO_STAR300011","false","300011"
"Blue Cross","Blue Cross","BLUE CROSS","TOLEDO_STAR","56.0","TOLEDO_STAR300099","false","300099"
"Anthem","Anthem","ANTHEM","TOLEDO_STAR","57.0","TOLEDO_STAR310001","false","310001"
"Anthem","Anthem","ANTHEM","TOLEDO_STAR","58.0","TOLEDO_STAR310002","false","310002"
"Anthem","Anthem","ANTHEM","TOLEDO_STAR","59.0","TOLEDO_STAR310003","false","310003"
"Anthem","Anthem","ANTHEM","TOLEDO_STAR","60.0","TOLEDO_STAR310007","false","310007"
"Anthem","Anthem","ANTHEM","TOLEDO_STAR","61.0","TOLEDO_STAR310008","false","310008"
"Anthem","Anthem","ANTHEM","TOLEDO_STAR","62.0","TOLEDO_STAR310009","false","310009"
"Anthem","Anthem","ANTHEM","TOLEDO_STAR","63.0","TOLEDO_STAR310010","false","310010"
"Anthem","Anthem","ANTHEM","TOLEDO_STAR","64.0","TOLEDO_STAR310014","false","310014"
"Medical Mutual","Medical Mutual","MEDICAL MUTUAL","TOLEDO_STAR","65.0","TOLEDO_STAR320001","false","320001"
"Medical Mutual","Medical Mutual","MEDICAL MUTUAL","TOLEDO_STAR","66.0","TOLEDO_STAR320002","false","320002"
"Medical Mutual","Medical Mutual","MEDICAL MUTUAL","TOLEDO_STAR","67.0","TOLEDO_STAR320003","false","320003"
"Medical Mutual","Medical Mutual","MEDICAL MUTUAL","TOLEDO_STAR","68.0","TOLEDO_STAR320004","false","320004"
"Medical Mutual","Medical Mutual","MEDICAL MUTUAL","TOLEDO_STAR","69.0","TOLEDO_STAR320006","false","320006"
"Medical Mutual","Medical Mutual","MEDICAL MUTUAL","TOLEDO_STAR","70.0","TOLEDO_STAR320007","false","320007"
"Medical Mutual","Medical Mutual","MEDICAL MUTUAL","TOLEDO_STAR","71.0","TOLEDO_STAR320008","false","320008"
"Medical Mutual","Medical Mutual","MEDICAL MUTUAL","TOLEDO_STAR","72.0","TOLEDO_STAR320018","false","320018"
"Medical Mutual","Medical Mutual","MEDICAL MUTUAL","TOLEDO_STAR","73.0","TOLEDO_STAR320019","false","320019"
"Medical Mutual","Medical Mutual","MEDICAL MUTUAL","TOLEDO_STAR","74.0","TOLEDO_STAR320020","false","320020"
"Medical Mutual","Medical Mutual","MEDICAL MUTUAL","TOLEDO_STAR","75.0","TOLEDO_STAR320021","false","320021"
"Workers Compensation","Workers Compensation","WORKERS COMPENSATION","TOLEDO_STAR","76.0","TOLEDO_STAR400001","false","400001"
"Integrated Compensation","Integrated Compensation","WORKERS COMPENSATION","TOLEDO_STAR","77.0","TOLEDO_STAR400002","false","400002"
"CareWorks","CareWorks","WORKERS COMPENSATION","TOLEDO_STAR","78.0","TOLEDO_STAR400003","false","400003"
"CompManagement","CompManagement","WORKERS COMPENSATION","TOLEDO_STAR","79.0","TOLEDO_STAR400004","false","400004"
"Corvel","Corvel","WORKERS COMPENSATION","TOLEDO_STAR","80.0","TOLEDO_STAR400006","false","400006"
"Concentra","Concentra","WORKERS COMPENSATION","TOLEDO_STAR","81.0","TOLEDO_STAR400007","false","400007"
"Mercy Work Solutions","Mercy Work Solutions","WORKERS COMPENSATION","TOLEDO_STAR","82.0","TOLEDO_STAR400008","false","400008"
"GatesMcDonald HealthPlus","GatesMcDonald HealthPlus","WORKERS COMPENSATION","TOLEDO_STAR","83.0","TOLEDO_STAR400009","false","400009"
"Klais & Company","Klais & Company","WORKERS COMPENSATION","TOLEDO_STAR","84.0","TOLEDO_STAR400010","false","400010"
"Paramount","Paramount","WORKERS COMPENSATION","TOLEDO_STAR","85.0","TOLEDO_STAR400013","false","400013"
"Sheakley","Sheakley","WORKERS COMPENSATION","TOLEDO_STAR","86.0","TOLEDO_STAR400014","false","400014"
"AdvoCare","AdvoCare","WORKERS COMPENSATION","TOLEDO_STAR","87.0","TOLEDO_STAR400015","false","400015"
"Alps CompCare","Alps CompCare","WORKERS COMPENSATION","TOLEDO_STAR","88.0","TOLEDO_STAR400016","false","400016"
"AultComp","AultComp","WORKERS COMPENSATION","TOLEDO_STAR","89.0","TOLEDO_STAR400017","false","400017"
"Avatar Management Services","Avatar Management Services","WORKERS COMPENSATION","TOLEDO_STAR","90.0","TOLEDO_STAR400021","false","400021"
"CompCare","CompCare","WORKERS COMPENSATION","TOLEDO_STAR","91.0","TOLEDO_STAR400022","false","400022"
"Crawford","Crawford","WORKERS COMPENSATION","TOLEDO_STAR","92.0","TOLEDO_STAR400024","false","400024"
"GENEX Services","GENEX Services","WORKERS COMPENSATION","TOLEDO_STAR","93.0","TOLEDO_STAR400028","false","400028"
"a0Mf4000000IeT5","","WORKERS COMPENSATION","TOLEDO_STAR","94.0","TOLEDO_STAR400029","false","400029"
"Humana","Humana","WORKERS COMPENSATION","TOLEDO_STAR","95.0","TOLEDO_STAR400031","false","400031"
"Spooner Medical Administrators","Spooner Medical Administrators","WORKERS COMPENSATION","TOLEDO_STAR","96.0","TOLEDO_STAR400033","false","400033"
"MHS Indiana","MHS Indiana","WORKERS COMPENSATION","TOLEDO_STAR","97.0","TOLEDO_STAR400036","false","400036"
"MEDassurance�","MEDassurance�","WORKERS COMPENSATION","TOLEDO_STAR","98.0","TOLEDO_STAR400037","false","400037"
"Occupational Health","Occupational Health","WORKERS COMPENSATION","TOLEDO_STAR","99.0","TOLEDO_STAR400038","false","400038"
"Premier Comp","Premier Comp","WORKERS COMPENSATION","TOLEDO_STAR","100.0","TOLEDO_STAR400043","false","400043"
"Premier Managed Care Service","Premier Managed Care Service","WORKERS COMPENSATION","TOLEDO_STAR","101.0","TOLEDO_STAR400044","false","400044"
"Summit","Summit","WORKERS COMPENSATION","TOLEDO_STAR","102.0","TOLEDO_STAR400049","false","400049"
"The Health Plan","The Health Plan","WORKERS COMPENSATION","TOLEDO_STAR","103.0","TOLEDO_STAR400051","false","400051"
"Total Health Management�","Total Health Management�","WORKERS COMPENSATION","TOLEDO_STAR","104.0","TOLEDO_STAR400053","false","400053"
"UH CompCare","UH CompCare","WORKERS COMPENSATION","TOLEDO_STAR","105.0","TOLEDO_STAR400054","false","400054"
"3-hab","3-hab","WORKERS COMPENSATION","TOLEDO_STAR","106.0","TOLEDO_STAR400056","false","400056"
"1-888-OHIOCOMP","1-888-OHIOCOMP","WORKERS COMPENSATION","TOLEDO_STAR","107.0","TOLEDO_STAR400058","false","400058"
"Occupational Health","Occupational Health","WORKERS COMPENSATION","TOLEDO_STAR","108.0","TOLEDO_STAR400059","false","400059"
"CareWorks","CareWorks","WORKERS COMPENSATION","TOLEDO_STAR","109.0","TOLEDO_STAR400060","false","400060"
"Solidarity Managed Care","Solidarity Managed Care","WORKERS COMPENSATION","TOLEDO_STAR","110.0","TOLEDO_STAR400061","false","400061"
"WorkCompOne","WorkCompOne","WORKERS COMPENSATION","TOLEDO_STAR","111.0","TOLEDO_STAR400062","false","400062"
"US Department of Labor","US Department of Labor","WORKERS COMPENSATION","TOLEDO_STAR","112.0","TOLEDO_STAR400063","false","400063"
"Frank Gates","Frank Gates","WORKERS COMPENSATION","TOLEDO_STAR","113.0","TOLEDO_STAR400064","false","400064"
"WorkStar Health Services","WorkStar Health Services","WORKERS COMPENSATION","TOLEDO_STAR","114.0","TOLEDO_STAR400065","false","400065"
"US Department of Energy","US Department of Energy","WORKERS COMPENSATION","TOLEDO_STAR","115.0","TOLEDO_STAR400066","false","400066"
"Coventry","Coventry","WORKERS COMPENSATION","TOLEDO_STAR","116.0","TOLEDO_STAR400067","false","400067"
"Employee Health","Employee Health","EMPLOYEE HEALTH","TOLEDO_STAR","117.0","TOLEDO_STAR402001","false","402001"
"CHAMPUS","CHAMPUS","CHAMPUS","TOLEDO_STAR","118.0","TOLEDO_STAR500001","false","500001"
"CHAMPUS","CHAMPUS","CHAMPUS","TOLEDO_STAR","119.0","TOLEDO_STAR500002","false","500002"
"Ohio Army National Guard","Ohio Army National Guard","CHAMPUS","TOLEDO_STAR","120.0","TOLEDO_STAR500004","false","500004"
"VA","VA","CHAMPUS","TOLEDO_STAR","121.0","TOLEDO_STAR500005","false","500005"
"Health Net Federal Services","Health Net Federal Services","CHAMPUS","TOLEDO_STAR","122.0","TOLEDO_STAR500006","false","500006"
"AARP","AARP","COMMERCIAL","TOLEDO_STAR","123.0","TOLEDO_STAR600001","false","600001"
"Access Health Care","Access Health Care","COMMERCIAL","TOLEDO_STAR","124.0","TOLEDO_STAR600002","false","600002"
"Admin Consultant","Admin Consultant","COMMERCIAL","TOLEDO_STAR","125.0","TOLEDO_STAR600003","false","600003"
"Administrators Services","Administrators Services","COMMERCIAL","TOLEDO_STAR","126.0","TOLEDO_STAR600004","false","600004"
"American Community Mutual","American Community Mutual","COMMERCIAL","TOLEDO_STAR","127.0","TOLEDO_STAR600005","false","600005"
"BenefitFirst","BenefitFirst","COMMERCIAL","TOLEDO_STAR","128.0","TOLEDO_STAR600006","false","600006"
"Beneplan Strategies","Beneplan Strategies","COMMERCIAL","TOLEDO_STAR","129.0","TOLEDO_STAR600007","false","600007"
"Bob Evans Restaurants","Bob Evans Restaurants","COMMERCIAL","TOLEDO_STAR","130.0","TOLEDO_STAR600008","false","600008"
"Buckeye Health Plan","Buckeye Health Plan","COMMERCIAL","TOLEDO_STAR","131.0","TOLEDO_STAR600010","false","600010"
"CoreSource","CoreSource","COMMERCIAL","TOLEDO_STAR","132.0","TOLEDO_STAR600011","false","600011"
"Central Reserve Life","Central Reserve Life","COMMERCIAL","TOLEDO_STAR","133.0","TOLEDO_STAR600012","false","600012"
"BCMH","BCMH","COMMERCIAL","TOLEDO_STAR","134.0","TOLEDO_STAR600014","false","600014"
"CareSource","CareSource","COMMERCIAL","TOLEDO_STAR","135.0","TOLEDO_STAR600016","false","600016"
"Buckeye Health Plan","Buckeye Health Plan","COMMERCIAL","TOLEDO_STAR","136.0","TOLEDO_STAR600017","false","600017"
"CNA Health Partners","CNA Health Partners","COMMERCIAL","TOLEDO_STAR","137.0","TOLEDO_STAR600019","false","600019"
"E & E Benefit Plans","E & E Benefit Plans","COMMERCIAL","TOLEDO_STAR","138.0","TOLEDO_STAR600020","false","600020"
"Emerald Health Network","Emerald Health Network","COMMERCIAL","TOLEDO_STAR","139.0","TOLEDO_STAR600021","false","600021"
"Employer Plan Service","Employer Plan Service","COMMERCIAL","TOLEDO_STAR","140.0","TOLEDO_STAR600022","false","600022"
"Equicor","Equicor","COMMERCIAL","TOLEDO_STAR","141.0","TOLEDO_STAR600023","false","600023"
"Findlay Industries","Findlay Industries","COMMERCIAL","TOLEDO_STAR","142.0","TOLEDO_STAR600024","false","600024"
"Frank Gates","Frank Gates","COMMERCIAL","TOLEDO_STAR","143.0","TOLEDO_STAR600026","false","600026"
"Golden Rule Insurance","Golden Rule Insurance","COMMERCIAL","TOLEDO_STAR","144.0","TOLEDO_STAR600028","false","600028"
"Great West","Great West","COMMERCIAL","TOLEDO_STAR","145.0","TOLEDO_STAR600029","false","600029"
"Guardian","Guardian","COMMERCIAL","TOLEDO_STAR","146.0","TOLEDO_STAR600030","false","600030"
"Harrington Benefit Services","Harrington Benefit Services","COMMERCIAL","TOLEDO_STAR","147.0","TOLEDO_STAR600031","false","600031"
"Hartford","Hartford","COMMERCIAL","TOLEDO_STAR","148.0","TOLEDO_STAR600032","false","600032"
"Hospice","Hospice","COMMERCIAL","TOLEDO_STAR","149.0","TOLEDO_STAR600034","false","600034"
"John Alden","John Alden","COMMERCIAL","TOLEDO_STAR","150.0","TOLEDO_STAR600035","false","600035"
"Kaiser Permanente","Kaiser Permanente","COMMERCIAL","TOLEDO_STAR","151.0","TOLEDO_STAR600036","false","600036"
"Key Benefit Administrators","Key Benefit Administrators","COMMERCIAL","TOLEDO_STAR","152.0","TOLEDO_STAR600037","false","600037"
"Liberty Mutual","Liberty Mutual","COMMERCIAL","TOLEDO_STAR","153.0","TOLEDO_STAR600040","false","600040"
"Marathon Oil","Marathon Oil","COMMERCIAL","TOLEDO_STAR","154.0","TOLEDO_STAR600043","false","600043"
"Mennonite Mutual","Mennonite Mutual","COMMERCIAL","TOLEDO_STAR","155.0","TOLEDO_STAR600046","false","600046"
"Mutual of Omaha","Mutual of Omaha","COMMERCIAL","TOLEDO_STAR","156.0","TOLEDO_STAR600047","false","600047"
"NALC Health Benefit Plan","NALC Health Benefit Plan","COMMERCIAL","TOLEDO_STAR","157.0","TOLEDO_STAR600048","false","600048"
"New York Life Insurance","New York Life Insurance","COMMERCIAL","TOLEDO_STAR","158.0","TOLEDO_STAR600049","false","600049"
"North America Administrators","North America Administrators","COMMERCIAL","TOLEDO_STAR","159.0","TOLEDO_STAR600050","false","600050"
"Health Net Federal Services","Health Net Federal Services","COMMERCIAL","TOLEDO_STAR","160.0","TOLEDO_STAR600051","false","600051"
"Carpenters�Health and�Welfare�Fund","Carpenters�Health and�Welfare�Fund","COMMERCIAL","TOLEDO_STAR","161.0","TOLEDO_STAR600052","false","600052"
"Ohio Laborers' District Council","Ohio Laborers' District Council","COMMERCIAL","TOLEDO_STAR","162.0","TOLEDO_STAR600053","false","600053"
"Ohio Medical","Ohio Medical","COMMERCIAL","TOLEDO_STAR","163.0","TOLEDO_STAR600054","false","600054"
"Ohio Operating Engineers","Ohio Operating Engineers","COMMERCIAL","TOLEDO_STAR","164.0","TOLEDO_STAR600055","false","600055"
"UA Local 50","UA Local 50","COMMERCIAL","TOLEDO_STAR","165.0","TOLEDO_STAR600056","false","600056"
"Sauder Woodworking","Sauder Woodworking","COMMERCIAL","TOLEDO_STAR","166.0","TOLEDO_STAR600057","false","600057"
"Security Life","Security Life","COMMERCIAL","TOLEDO_STAR","167.0","TOLEDO_STAR600058","false","600058"
"Starbridge","Starbridge","COMMERCIAL","TOLEDO_STAR","168.0","TOLEDO_STAR600059","false","600059"
"Stateline TPA","Stateline TPA","COMMERCIAL","TOLEDO_STAR","169.0","TOLEDO_STAR600060","false","600060"
"Teamsters Local 20","Teamsters Local 20","COMMERCIAL","TOLEDO_STAR","170.0","TOLEDO_STAR600061","false","600061"
"Union Construction Workers","Union Construction Workers","COMMERCIAL","TOLEDO_STAR","171.0","TOLEDO_STAR600062","false","600062"
"Toledo Electrical Benefit Plans","Toledo Electrical Benefit Plans","COMMERCIAL","TOLEDO_STAR","172.0","TOLEDO_STAR600063","false","600063"
"Toledo Firefighters","Toledo Firefighters","COMMERCIAL","TOLEDO_STAR","173.0","TOLEDO_STAR600064","false","600064"
"UFCW Local 653","UFCW Local 653","COMMERCIAL","TOLEDO_STAR","174.0","TOLEDO_STAR600065","false","600065"
"UFCW Local 1546","UFCW Local 1546","COMMERCIAL","TOLEDO_STAR","175.0","TOLEDO_STAR600066","false","600066"
"Weyco","Weyco","COMMERCIAL","TOLEDO_STAR","176.0","TOLEDO_STAR600068","false","600068"
"Specialty Physical","Specialty Physical","COMMERCIAL","TOLEDO_STAR","177.0","TOLEDO_STAR600070","false","600070"
"Central Benefits Life","Central Benefits Life","COMMERCIAL","TOLEDO_STAR","178.0","TOLEDO_STAR600071","false","600071"
"FBI Physicals","FBI Physicals","COMMERCIAL","TOLEDO_STAR","179.0","TOLEDO_STAR600073","false","600073"
"Robey Barber","Robey Barber","COMMERCIAL","TOLEDO_STAR","180.0","TOLEDO_STAR600074","false","600074"
"NGS American","NGS American","COMMERCIAL","TOLEDO_STAR","181.0","TOLEDO_STAR600075","false","600075"
"Federal Disaster","Federal Disaster","COMMERCIAL","TOLEDO_STAR","182.0","TOLEDO_STAR600076","false","600076"
"Executive Physical","Executive Physical","COMMERCIAL","TOLEDO_STAR","183.0","TOLEDO_STAR600077","false","600077"
"American Health Group","American Health Group","COMMERCIAL","TOLEDO_STAR","184.0","TOLEDO_STAR600086","false","600086"
"Employee Plans","Employee Plans","COMMERCIAL","TOLEDO_STAR","185.0","TOLEDO_STAR600087","false","600087"
"Bollinger","Bollinger","COMMERCIAL","TOLEDO_STAR","186.0","TOLEDO_STAR600089","false","600089"
"Bollinger","Bollinger","COMMERCIAL","TOLEDO_STAR","187.0","TOLEDO_STAR600090","false","600090"
"Odyssey Hospice","Odyssey Hospice","COMMERCIAL","TOLEDO_STAR","188.0","TOLEDO_STAR600091","false","600091"
"Molina","Molina","COMMERCIAL","TOLEDO_STAR","189.0","TOLEDO_STAR600092","false","600092"
"Breast,Cervical Cancer Project","Breast,Cervical Cancer Project","COMMERCIAL","TOLEDO_STAR","190.0","TOLEDO_STAR600093","false","600093"
"The Baker Agency","The Baker Agency","COMMERCIAL","TOLEDO_STAR","191.0","TOLEDO_STAR600095","false","600095"
"AIDs Resource Center","AIDs Resource Center","COMMERCIAL","TOLEDO_STAR","192.0","TOLEDO_STAR600096","false","600096"
"NAHGA","NAHGA","COMMERCIAL","TOLEDO_STAR","193.0","TOLEDO_STAR600097","false","600097"
"UT Athletics","UT Athletics","COMMERCIAL","TOLEDO_STAR","194.0","TOLEDO_STAR600098","false","600098"
"Insurance","Insurance","COMMERCIAL","TOLEDO_STAR","195.0","TOLEDO_STAR600099","false","600099"
"Medicare","Medicare","COMMERCIAL","TOLEDO_STAR","196.0","TOLEDO_STAR600106","false","600106"
"Health Net Federal Services","Health Net Federal Services","COMMERCIAL","TOLEDO_STAR","197.0","TOLEDO_STAR600167","false","600167"
"Connecticut General","Connecticut General","CONN GENERAL","TOLEDO_STAR","198.0","TOLEDO_STAR601001","false","601001"
"Connecticut General","Connecticut General","CONN GENERAL","TOLEDO_STAR","199.0","TOLEDO_STAR601002","false","601002"
"Connecticut General","Connecticut General","CONN GENERAL","TOLEDO_STAR","200.0","TOLEDO_STAR601099","false","601099"
"Equitable","Equitable","EQUITABLE","TOLEDO_STAR","201.0","TOLEDO_STAR602001","false","602001"
"Equitable","Equitable","EQUITABLE","TOLEDO_STAR","202.0","TOLEDO_STAR602099","false","602099"
"Cigna Columbus","Cigna Columbus","CIGNA","TOLEDO_STAR","203.0","TOLEDO_STAR603001","false","603001"
"Cigna","Cigna","CIGNA","TOLEDO_STAR","204.0","TOLEDO_STAR603002","false","603002"
"Cigna","Cigna","CIGNA","TOLEDO_STAR","205.0","TOLEDO_STAR603099","false","603099"
"Behavioral Health","Behavioral Health","BEHAVIORAL HEALTH","TOLEDO_STAR","206.0","TOLEDO_STAR604001","false","604001"
"Principal Mutual","Principal Mutual","PRINCIPAL MUTUAL","TOLEDO_STAR","207.0","TOLEDO_STAR606001","false","606001"
"Principal Mutual","Principal Mutual","PRINCIPAL MUTUAL","TOLEDO_STAR","208.0","TOLEDO_STAR606002","false","606002"
"Principal Mutual","Principal Mutual","PRINCIPAL MUTUAL","TOLEDO_STAR","209.0","TOLEDO_STAR606099","false","606099"
"Aetna","Aetna","AETNA","TOLEDO_STAR","210.0","TOLEDO_STAR607004","false","607004"
"Aetna","Aetna","AETNA","TOLEDO_STAR","211.0","TOLEDO_STAR607005","false","607005"
"Aetna","Aetna","AETNA","TOLEDO_STAR","212.0","TOLEDO_STAR607008","false","607008"
"Aetna","Aetna","AETNA","TOLEDO_STAR","213.0","TOLEDO_STAR607009","false","607009"
"Aetna","Aetna","AETNA","TOLEDO_STAR","214.0","TOLEDO_STAR607010","false","607010"
"Aetna","Aetna","AETNA","TOLEDO_STAR","215.0","TOLEDO_STAR607012","false","607012"
"Aetna","Aetna","AETNA","TOLEDO_STAR","216.0","TOLEDO_STAR607014","false","607014"
"Aetna","Aetna","AETNA","TOLEDO_STAR","217.0","TOLEDO_STAR607016","false","607016"
"Aetna","Aetna","AETNA","TOLEDO_STAR","218.0","TOLEDO_STAR607020","false","607020"
"Aetna","Aetna","AETNA","TOLEDO_STAR","219.0","TOLEDO_STAR607022","false","607022"
"Aetna","Aetna","AETNA","TOLEDO_STAR","220.0","TOLEDO_STAR607023","false","607023"
"Aetna","Aetna","AETNA","TOLEDO_STAR","221.0","TOLEDO_STAR607024","false","607024"
"Aetna","Aetna","AETNA","TOLEDO_STAR","222.0","TOLEDO_STAR607025","false","607025"
"Aetna","Aetna","AETNA","TOLEDO_STAR","223.0","TOLEDO_STAR607026","false","607026"
"Aetna","Aetna","AETNA","TOLEDO_STAR","224.0","TOLEDO_STAR607027","false","607027"
"Aetna","Aetna","AETNA","TOLEDO_STAR","225.0","TOLEDO_STAR607028","false","607028"
"Aetna","Aetna","AETNA","TOLEDO_STAR","226.0","TOLEDO_STAR607029","false","607029"
"Aetna","Aetna","AETNA","TOLEDO_STAR","227.0","TOLEDO_STAR607031","false","607031"
"Aetna","Aetna","AETNA","TOLEDO_STAR","228.0","TOLEDO_STAR607032","false","607032"
"Aetna","Aetna","AETNA","TOLEDO_STAR","229.0","TOLEDO_STAR607033","false","607033"
"Aetna","Aetna","AETNA","TOLEDO_STAR","230.0","TOLEDO_STAR607034","false","607034"
"Aetna","Aetna","AETNA","TOLEDO_STAR","231.0","TOLEDO_STAR607035","false","607035"
"Aetna","Aetna","AETNA","TOLEDO_STAR","232.0","TOLEDO_STAR607036","false","607036"
"Aetna","Aetna","AETNA","TOLEDO_STAR","233.0","TOLEDO_STAR607037","false","607037"
"Aetna","Aetna","AETNA","TOLEDO_STAR","234.0","TOLEDO_STAR607038","false","607038"
"Aetna","Aetna","AETNA","TOLEDO_STAR","235.0","TOLEDO_STAR607042","false","607042"
"Aetna","Aetna","AETNA","TOLEDO_STAR","236.0","TOLEDO_STAR607044","false","607044"
"Aetna","Aetna","AETNA","TOLEDO_STAR","237.0","TOLEDO_STAR607099","false","607099"
"Provident","Provident","PROVIDENT","TOLEDO_STAR","238.0","TOLEDO_STAR608001","false","608001"
"Provident","Provident","PROVIDENT","TOLEDO_STAR","239.0","TOLEDO_STAR608002","false","608002"
"Provident","Provident","PROVIDENT","TOLEDO_STAR","240.0","TOLEDO_STAR608003","false","608003"
"Provident","Provident","PROVIDENT","TOLEDO_STAR","241.0","TOLEDO_STAR608099","false","608099"
"Prudential","Prudential","PRUDENTIAL","TOLEDO_STAR","242.0","TOLEDO_STAR609001","false","609001"
"Prudential","Prudential","PRUDENTIAL","TOLEDO_STAR","243.0","TOLEDO_STAR609002","false","609002"
"Prudential","Prudential","PRUDENTIAL","TOLEDO_STAR","244.0","TOLEDO_STAR609099","false","609099"
"UniCare","UniCare","UNICARE","TOLEDO_STAR","245.0","TOLEDO_STAR610001","false","610001"
"UniCare","UniCare","UNICARE","TOLEDO_STAR","246.0","TOLEDO_STAR610004","false","610004"
"UniCare","UniCare","UNICARE","TOLEDO_STAR","247.0","TOLEDO_STAR610006","false","610006"
"UniCare","UniCare","UNICARE","TOLEDO_STAR","248.0","TOLEDO_STAR610099","false","610099"
"UnitedHealthcare","UnitedHealthcare","UNITED HEALTHCARE","TOLEDO_STAR","249.0","TOLEDO_STAR611001","false","611001"
"UnitedHealthcare","UnitedHealthcare","UNITED HEALTHCARE","TOLEDO_STAR","250.0","TOLEDO_STAR611012","false","611012"
"UnitedHealthcare","UnitedHealthcare","UNITED HEALTHCARE","TOLEDO_STAR","251.0","TOLEDO_STAR611022","false","611022"
"Grants","Grants","GRANTS","TOLEDO_STAR","252.0","TOLEDO_STAR612001","false","612001"
"Kidney Donor","Kidney Donor","TRANSPLANT","TOLEDO_STAR","253.0","TOLEDO_STAR613071","false","613071"
"Kidney Recipient","Kidney Recipient","TRANSPLANT","TOLEDO_STAR","254.0","TOLEDO_STAR613072","false","613072"
"a0Mf4000000IeVg","","BARIATRIC","TOLEDO_STAR","255.0","TOLEDO_STAR614001","false","614001"
"a0Mf4000000IeVh","","BARIATRIC","TOLEDO_STAR","256.0","TOLEDO_STAR614002","false","614002"
"Victims of Crime Program","Victims of Crime Program","VICTIMS OF CRIME","TOLEDO_STAR","257.0","TOLEDO_STAR615001","false","615001"
"Victims of Crime Program","Victims of Crime Program","VICTIMS OF CRIME","TOLEDO_STAR","258.0","TOLEDO_STAR615002","false","615002"
"Sterling","Sterling","STERLING","TOLEDO_STAR","259.0","TOLEDO_STAR620001","false","620001"
"Sterling","Sterling","STERLING","TOLEDO_STAR","260.0","TOLEDO_STAR620002","false","620002"
"a0Mf4000000IeVm","","","TOLEDO_STAR","261.0","TOLEDO_STAR622001","false","622001"
"Marathon Oil","Marathon Oil","MARATHON","TOLEDO_STAR","262.0","TOLEDO_STAR650001","false","650001"
"a0Mf4000000IeVo","","SELF-PAY","TOLEDO_STAR","263.0","TOLEDO_STAR700001","false","700001"
"a0Mf4000000IeVp","","SELF-PAY","TOLEDO_STAR","264.0","TOLEDO_STAR700002","false","700002"
"Hartford","Hartford","SELF-PAY","TOLEDO_STAR","265.0","TOLEDO_STAR700003","false","700003"
"University Health Services","University Health Services","SELF-PAY","TOLEDO_STAR","266.0","TOLEDO_STAR700004","false","700004"
"UnitedHealthcare","UnitedHealthcare","SELF-PAY","TOLEDO_STAR","267.0","TOLEDO_STAR700005","false","700005"
"UT Employees Needle Exposure","UT Employees Needle Exposure","SELF-PAY","TOLEDO_STAR","269.0","TOLEDO_STAR700007","false","700007"
"Student Health","Student Health","SELF-PAY","TOLEDO_STAR","270.0","TOLEDO_STAR700008","false","700008"
"Employee Health","Employee Health","SELF-PAY","TOLEDO_STAR","271.0","TOLEDO_STAR700009","false","700009"
"MTC Medical","MTC Medical","SELF-PAY","TOLEDO_STAR","272.0","TOLEDO_STAR700010","false","700010"
"Ohio Health Choice","Ohio Health Choice","HUMANA","TOLEDO_STAR","273.0","TOLEDO_STAR850002","false","850002"
"Health Alliance Plan","Health Alliance Plan","HEALTH ALLIANCE PLAN","TOLEDO_STAR","274.0","TOLEDO_STAR850003","false","850003"
"Humana","Humana","HUMANA","TOLEDO_STAR","275.0","TOLEDO_STAR850004","false","850004"
"Bellevue Health Network","Bellevue Health Network","BELLEVUE HEALTH PLAN","TOLEDO_STAR","276.0","TOLEDO_STAR850005","false","850005"
"Community Health Plan","Community Health Plan","COMMUNITY HEALTH PLAN","TOLEDO_STAR","277.0","TOLEDO_STAR850006","false","850006"
"Humana","Humana","HUMANA","TOLEDO_STAR","278.0","TOLEDO_STAR850030","false","850030"
"Humana","Humana","HUMANA","TOLEDO_STAR","279.0","TOLEDO_STAR850031","false","850031"
"Humana","Humana","HUMANA","TOLEDO_STAR","280.0","TOLEDO_STAR850032","false","850032"
"Humana","Humana","HUMANA","TOLEDO_STAR","281.0","TOLEDO_STAR850033","false","850033"
"Humana","Humana","HUMANA","TOLEDO_STAR","282.0","TOLEDO_STAR850034","false","850034"
"Paramount","Paramount","PARAMOUNT","TOLEDO_STAR","283.0","TOLEDO_STAR851001","false","851001"
"Paramount","Paramount","PARAMOUNT","TOLEDO_STAR","284.0","TOLEDO_STAR851002","false","851002"
"Paramount","Paramount","PARAMOUNT","TOLEDO_STAR","285.0","TOLEDO_STAR851003","false","851003"
"Paramount","Paramount","PARAMOUNT","TOLEDO_STAR","286.0","TOLEDO_STAR851004","false","851004"
"Paramount","Paramount","PARAMOUNT","TOLEDO_STAR","287.0","TOLEDO_STAR851005","false","851005"
"Paramount","Paramount","PARAMOUNT","TOLEDO_STAR","288.0","TOLEDO_STAR851006","false","851006"
"Paramount","Paramount","PARAMOUNT","TOLEDO_STAR","289.0","TOLEDO_STAR851007","false","851007"
"Paramount","Paramount","PARAMOUNT","TOLEDO_STAR","290.0","TOLEDO_STAR851008","false","851008"
"Paramount","Paramount","PARAMOUNT","TOLEDO_STAR","291.0","TOLEDO_STAR851009","false","851009"
"Family Health Plan","Family Health Plan","FAMILY HEALTH PLAN","TOLEDO_STAR","292.0","TOLEDO_STAR852001","false","852001"
"Family Health Plan","Family Health Plan","FAMILY HEALTH PLAN","TOLEDO_STAR","293.0","TOLEDO_STAR852002","false","852002"
"Family Health Plan","Family Health Plan","FAMILY HEALTH PLAN","TOLEDO_STAR","294.0","TOLEDO_STAR852003","false","852003"
"ADMAR","ADMAR","ADMAR","TOLEDO_STAR","295.0","TOLEDO_STAR910001","false","910001"
"Americas Health Plan","Americas Health Plan","AHP AMERICAS HEALTH PLAN","TOLEDO_STAR","296.0","TOLEDO_STAR910002","false","910002"
"AmeriPlus","AmeriPlus","AMERI PLUS","TOLEDO_STAR","297.0","TOLEDO_STAR910003","false","910003"
"Beech Street","Beech Street","BEECH STREET","TOLEDO_STAR","298.0","TOLEDO_STAR910004","false","910004"
"Coordinated Care Plan","Coordinated Care Plan","CCP COORDINATED CARE","TOLEDO_STAR","299.0","TOLEDO_STAR910005","false","910005"
"Community Health Network","Community Health Network","COMMUNITY HEALTH NETWORK","TOLEDO_STAR","300.0","TOLEDO_STAR910006","false","910006"
"HealthSCOPE Benefits","HealthSCOPE Benefits","HEALTHSCOPE BENEFITS","TOLEDO_STAR","301.0","TOLEDO_STAR910007","false","910007"
"Family Health Plan","Family Health Plan","FAMILY HEALTH PLAN/PPO","TOLEDO_STAR","302.0","TOLEDO_STAR910008","false","910008"
"Flora","Flora","FLORA","TOLEDO_STAR","303.0","TOLEDO_STAR910009","false","910009"
"Health Alliance Plan","Health Alliance Plan","HEALTH ALLIANCE PLAN","TOLEDO_STAR","304.0","TOLEDO_STAR910010","false","910010"
"Health Network","Health Network","HEALTH NETWORK","TOLEDO_STAR","305.0","TOLEDO_STAR910011","false","910011"
"Health Pairs","Health Pairs","HEALTH PAIRS","TOLEDO_STAR","306.0","TOLEDO_STAR910012","false","910012"
"MultiPlan","MultiPlan","MULTIPLAN","TOLEDO_STAR","307.0","TOLEDO_STAR910013","false","910013"
"National Provider Network","National Provider Network","NAT PROVIDER NETWORK","TOLEDO_STAR","308.0","TOLEDO_STAR910014","false","910014"
"Paramount","Paramount","PARAMOUNT PPO","TOLEDO_STAR","309.0","TOLEDO_STAR910015","false","910015"
"Primary Health Services","Primary Health Services","PHS PRIMARY HEALTH SERV","TOLEDO_STAR","310.0","TOLEDO_STAR910016","false","910016"
"Preferred Health Care","Preferred Health Care","PREFERRED HLTH CARE","TOLEDO_STAR","311.0","TOLEDO_STAR910017","false","910017"
"ProNet","ProNet","PRONET","TOLEDO_STAR","312.0","TOLEDO_STAR910018","false","910018"
"Up & Up","Up & Up","UP AND UP","TOLEDO_STAR","313.0","TOLEDO_STAR910019","false","910019"
"Up & Up","Up & Up","UP AND UP","TOLEDO_STAR","314.0","TOLEDO_STAR910020","false","910020"
"Vantage","Vantage","VANTAGE","TOLEDO_STAR","315.0","TOLEDO_STAR910021","false","910021"
"Emerald Health Network","Emerald Health Network","EMERALD HEALTH NETWORK","TOLEDO_STAR","316.0","TOLEDO_STAR910022","false","910022"
"FrontPath","FrontPath","FRONTPATH","TOLEDO_STAR","317.0","TOLEDO_STAR910023","false","910023"
"Diocese of Toledo","Diocese of Toledo","DIOCESE OF TOLEDO","TOLEDO_STAR","318.0","TOLEDO_STAR910024","false","910024"
"Capp Care","Capp Care","CAPP CARE","TOLEDO_STAR","319.0","TOLEDO_STAR910025","false","910025"
"Ohio Preferred Network","Ohio Preferred Network","OHIO PREFERRED NETWORK","TOLEDO_STAR","320.0","TOLEDO_STAR910026","false","910026"
"Ohio Health Choice","Ohio Health Choice","OHIO HEALTH NETWORK","TOLEDO_STAR","321.0","TOLEDO_STAR910027","false","910027"
"Three Rivers Provider Network","Three Rivers Provider Network","THREE RIVERS PROVIDER NETWORK","TOLEDO_STAR","322.0","TOLEDO_STAR910030","false","910030"
"Bellevue Health Network","Bellevue Health Network","BELLEVUE HEALTH NETWORK","TOLEDO_STAR","323.0","TOLEDO_STAR910031","false","910031"
"Humana","Humana","HUMANA CHOICE CARE NETWORK","TOLEDO_STAR","324.0","TOLEDO_STAR910032","false","910032"
"Community Care Network","Community Care Network","COMMUNITY CARE NETWORK","TOLEDO_STAR","325.0","TOLEDO_STAR910033","false","910033"
"First Health","First Health","FIRST HEALTH NETWORK","TOLEDO_STAR","326.0","TOLEDO_STAR910034","false","910034"
"Fortified Provider Network","Fortified Provider Network","FORTIFIED PROVIDER NETWORK","TOLEDO_STAR","327.0","TOLEDO_STAR910035","false","910035"
"Nationwide","Nationwide","NATIONWIDE HEALTH PLANS","TOLEDO_STAR","328.0","TOLEDO_STAR910036","false","910036"
"UnitedHealthcare","UnitedHealthcare","UNITED HEALTHCARE","TOLEDO_STAR","329.0","TOLEDO_STAR910037","false","910037"
"Ohio Health Choice","Ohio Health Choice","OHIO HEALTH CHOICE","TOLEDO_STAR","330.0","TOLEDO_STAR910038","false","910038"
"OhioHealth Group","OhioHealth Group","OHIOHEALTH GROUP","TOLEDO_STAR","331.0","TOLEDO_STAR910039","false","910039"
"FrontPath","FrontPath","FRONTPATH - UT","TOLEDO_STAR","332.0","TOLEDO_STAR910040","false","910040"
"Ohio Health Choice","Ohio Health Choice","OHIO HEALTH CHOICE","TOLEDO_STAR","333.0","TOLEDO_STAR910041","false","910041"
"Ohio Health Choice","Ohio Health Choice","OHIO HEALTH CHOICE","TOLEDO_STAR","334.0","TOLEDO_STAR910042","false","910042"
"HealthSpan","HealthSpan","HEALTHSPAN LLC","TOLEDO_STAR","335.0","TOLEDO_STAR910043","false","910043"
"Cofinity","Cofinity","COFINITY","TOLEDO_STAR","336.0","TOLEDO_STAR910044","false","910044"
"UnitedHealthcare","UnitedHealthcare","UHC RIVER VALLEY CHOICE PLUS","TOLEDO_STAR","337.0","TOLEDO_STAR910045","false","910045"
"Coventry","Coventry","COVENTRY HEALTH CARE NATL NETWORK","TOLEDO_STAR","338.0","TOLEDO_STAR910046","false","910046"
"Mail Handlers Benefit Plan","Mail Handlers Benefit Plan","MAIL HANDLERS BENEFIT PLAN","TOLEDO_STAR","339.0","TOLEDO_STAR910047","false","910047"
"First Health","First Health","FIRST HEALTH LIFE & HEALTH INS","TOLEDO_STAR","340.0","TOLEDO_STAR910048","false","910048"
"UnitedHealthcare","UnitedHealthcare","UHC EXCHANGE COMPASS BENEFIT PLAN","TOLEDO_STAR","341.0","TOLEDO_STAR910049","false","910049"
"Aetna Us Hcare    Texas","Aetna Us Hcare    Texas","AETNA US HCARE    TEXAS","TOLEDO_STAR","342.0","TOLEDO_STAR607003","true","607003"
"Med Mut Hmo Hlth Caid","Med Mut Hmo Hlth Caid","MED MUT HMO HLTH CAID","TOLEDO_STAR","343.0","TOLEDO_STAR320005","true","320005"
"United Healthcare Not Listed","United Healthcare Not Listed","UNITED HEALTHCARE NOT LISTED","TOLEDO_STAR","344.0","TOLEDO_STAR611099","true","611099"
"Health Design Plus","Health Design Plus","HEALTH DESIGN PLUS","TOLEDO_STAR","345.0","TOLEDO_STAR600018","true","600018"
"Unicare Schmbrg","Unicare Schmbrg","UNICARE SCHMBRG","TOLEDO_STAR","346.0","TOLEDO_STAR610003","true","610003"
"First Health","First Health","FIRST HEALTH","TOLEDO_STAR","347.0","TOLEDO_STAR600025","true","600025"
"Managed Care Of Ohio","Managed Care Of Ohio","MANAGED CARE OF OHIO","TOLEDO_STAR","348.0","TOLEDO_STAR400011","true","400011"
"United Healthcare Columbus","United Healthcare Columbus","UNITED HEALTHCARE COLUMBUS","TOLEDO_STAR","349.0","TOLEDO_STAR611007","true","611007"
"Aetna Us Hcare   Akron","Aetna Us Hcare   Akron","AETNA US HCARE   AKRON","TOLEDO_STAR","350.0","TOLEDO_STAR607001","true","607001"
"Vantage Hlth Plan Inc","Vantage Hlth Plan Inc","VANTAGE HLTH PLAN INC","TOLEDO_STAR","351.0","TOLEDO_STAR400055","true","400055"
"Mail Handlers Benefit","Mail Handlers Benefit","MAIL HANDLERS BENEFIT","TOLEDO_STAR","352.0","TOLEDO_STAR600042","true","600042"
"Central State Health And Welfare","Central State Health And Welfare","CENTRAL STATE HEALTH AND WELFARE","TOLEDO_STAR","353.0","TOLEDO_STAR600013","true","600013"
"Aetna Us Hcare Unit 95","Aetna Us Hcare Unit 95","AETNA US HCARE UNIT 95","TOLEDO_STAR","354.0","TOLEDO_STAR607015","true","607015"
"Aetna Us Hlthcare All","Aetna Us Hlthcare All","AETNA US HLTHCARE ALL","TOLEDO_STAR","355.0","TOLEDO_STAR607013","true","607013"
"United Healthcare Railroad","United Healthcare Railroad","UNITED HEALTHCARE RAILROAD","TOLEDO_STAR","356.0","TOLEDO_STAR611005","true","611005"
"Aetna Us Hcare Rdg Pa","Aetna Us Hcare Rdg Pa","AETNA US HCARE RDG PA","TOLEDO_STAR","357.0","TOLEDO_STAR607011","true","607011"
"Navisource","Navisource","NAVISOURCE","TOLEDO_STAR","358.0","TOLEDO_STAR400012","true","400012"
"United Healthcare Rolling Meadows","United Healthcare Rolling Meadows","UNITED HEALTHCARE ROLLING MEADOWS","TOLEDO_STAR","359.0","TOLEDO_STAR611003","true","611003"
"Corepoint","Corepoint","COREPOINT","TOLEDO_STAR","360.0","TOLEDO_STAR400023","true","400023"
"Un H/Care, Southfield","Un H/Care, Southfield","UN H/CARE, SOUTHFIELD","TOLEDO_STAR","361.0","TOLEDO_STAR611008","true","611008"
"Ev Benefits","Ev Benefits","EV BENEFITS","TOLEDO_STAR","362.0","TOLEDO_STAR600085","true","600085"
"Oh Renaissance H/Care","Oh Renaissance H/Care","OH RENAISSANCE H/CARE","TOLEDO_STAR","363.0","TOLEDO_STAR400040","true","400040"
"Aetna Us Hcare    California","Aetna Us Hcare    California","AETNA US HCARE    CALIFORNIA","TOLEDO_STAR","364.0","TOLEDO_STAR607002","true","607002"
"Coresource Bus Health","Coresource Bus Health","CORESOURCE BUS HEALTH","TOLEDO_STAR","365.0","TOLEDO_STAR400005","true","400005"
"United Healthcare Fairlawn","United Healthcare Fairlawn","UNITED HEALTHCARE FAIRLAWN","TOLEDO_STAR","366.0","TOLEDO_STAR611002","true","611002"
"Aetna Us Hcare Ill","Aetna Us Hcare Ill","AETNA US HCARE ILL","TOLEDO_STAR","367.0","TOLEDO_STAR607006","true","607006"
"Aetna Us Hcare Ky","Aetna Us Hcare Ky","AETNA US HCARE KY","TOLEDO_STAR","368.0","TOLEDO_STAR607007","true","607007"
"United Healthcare Pittsburg","United Healthcare Pittsburg","UNITED HEALTHCARE PITTSBURG","TOLEDO_STAR","369.0","TOLEDO_STAR611004","true","611004"
"Un Healthcare, Rr Ret","Un Healthcare, Rr Ret","UN HEALTHCARE, RR RET","TOLEDO_STAR","370.0","TOLEDO_STAR611006","true","611006"
"Sterling Health Plan","Sterling Health Plan","STERLING HEALTH PLAN","TOLEDO_STAR","371.0","TOLEDO_STAR850008","true","850008"
"Prohealth Comp Care","Prohealth Comp Care","PROHEALTH COMP CARE","TOLEDO_STAR","372.0","TOLEDO_STAR400046","true","400046"
"Auto Insurance","Auto Insurance","AUTO INSURANCE","TOLEDO_STAR","373.0","TOLEDO_STAR600094","true","600094"
"Patient","Patient","Patient","TOLEDO_STAR","","TOLEDO_STARPatient","false","Patient"
